PMRP_SUBJECT_ID,EXOME_ID
123,MC.158878@1076253564
131,MC.AMD102452@0123908936
141,MC.AMD117454@0123908831
148,MC.158062@1075679044
158,MC.158884@1075679051
168,MC.159572@1075679061
183,MC.AMD113923@0123908821
189,MC.160933@1075676786
203,MC.AMD110422@0124013383
212,6582903-1-0238040073
225,MC.160877@1075679073
234,MC.159912@1075678589
248,MC.161059@1075679069
252,4677292-1-0238040081
257,MC.161063@1075678593
259,MC.160601@0123948138
277,MC.AMD127233@0123908807
283,MC.AMD102499@0123889771
295,MC.AMD100447@0123889786
323,MC.161140@1075679079
328,MC.159235@1075679078
342,MC.157549@1075679090
351,MC.AMD118207@0123908354
354,MC.158877@1075679094
362,6225060-1-0238040043
367,MC.160197@1075679100
371,MC.160411@1075679098
406,MC.157184@1075679117
414,MC.158810@1075679118
421,MC.158051@1075679120
422,
428,MC.159849@1075679125
437,5361880-1-0238040660
445,MC.161103@1075679135
465,7022610-1-0238040614
487,MC.160542@1075678578
492,MC.160281@1075679144
495,MC.AMD100804@0123908737
496,MC.AMD100839@0123908739
501,MC.160390@0123948135
502,MC.163106@1082086166
515,MC.159723@1075679183
540,
574,
577,MC.AMD108761@0123909213
588,MC.AMD115232@0123909207
595,MC.AMD109743@0123909206
600,MC.AMD100780@0123909192
609,MC.158472@1075679193
610,MC.AMD110092@0123908355
615,MC.157011@1075679190
635,
655,MC.160666@1075679201
660,
671,6288071-1-0238040798
685,MC.158571@1075680747
691,MC.AMD108444@0123889754
696,MC.AMD115900@0123909189
700,MC.157817@1075680751
701,MC.AMD102541@0123909186
721,MC.AMD117152@0123909182
735,MC.AMD107359@0123909175
738,MC.157770@1075680761
748,MC.160514@1075680762
752,MC.158542@1075680752
754,MC.AMD121172@0123909180
772,8698972-1-0238040711
776,MC.157643@1075680771
784,MC.158941@1075680787
788,MC.158310@1075680770
793,5067462-1-0238040754
797,MC.AMD100014@0123909163
798,
811,MC.156134@1075680768
828,
852,MC.160941@1075680792
856,MC.AMD104528@0123909150
865,MC.160857@1075680795
866,MC.160771@1075680790
880,MC.157503@1075680824
893,MC.160907@1075680804
896,7112867-1-0238094645
899,MC.160562@1075680808
900,MC.AMD113920@0123909146
914,MC.AMD120294@0123909137
922,
928,MC.AMD119765@0123909155
935,MC.AMD108347@0123909139
942,MC.159514@1075680812
956,MC.162940@1082087057
967,MC.AMD117783@0123908360
974,5277536-1-0238040495
975,9269251-1-0238040503
986,MC.157417@1075680831
989,MC.157430@1075680825
1008,MC.160740@1075680822
1009,MC.AMD104005@0123909133
1020,MC.AMD108764@0123909123
1029,MC.156878@1075680826
1042,MC.158381@1075680551
1051,1817537-1-0238040467
1063,MC.163187@1082087061
1075,MC.AMD120553@0124011069
1077,MC.AMD106606@0123911383
1123,2726402-1-0238040837
1128,MC.AMD125546@0124013743
1139,MC.AMD133363@0124011044
1147,MC.AMD109300@0124011054
1150,6841111-1-0238040861
1157,7252766-1-0238040603
1166,MC.160531@1075680584
1174,MC.156334@1075680595
1180,MC.AMD114741@0124011039
1183,MC.157345@1075680597
1193,MC.159056@1075680602
1194,
1196,MC.158570@1075680607
1232,MC.AMD108597@0124011025
1235,MC.159141@1075680633
1242,MC.AMD101473@0124011028
1264,MC.160494@1075641596
1272,MC.AMD124164@0123890270
1280,
1282,MC.AMD111533@0123890261
1296,8798326-1-0238039762
1297,MC.AMD107532@0124011021
1304,2887024-1-0238039752
1307,MC.157730@1075641619
1321,MC.AMD104213@0123890265
1335,6622814-1-0238040647
1347,4367890-1-0238039761
1350,MC.158596@1075642211
1351,MC.AMD100889@0123890252
1353,MC.AMD119098@0123890266
1356,MC.157796@1075642210
1370,MC.159936@1075642205
1383,MC.AMD111399@0123890253
1395,MC.AMD115195@0124011000
1396,MC.AMD105535@0124011004
1398,MC.AMD112345@0124011003
1409,2871697-1-0238042291
1420,MC.AMD106852@0123890246
1423,
1441,MC.AMD102319@0123890236
1442,MC.AMD103343@0123890234
1444,MC.AMD105474@0124011007
1448,
1449,MC.AMD101768@0124011005
1458,MC.154500@1075680613
1470,3945280-1-0238042297
1471,MC.AMD108527@0123890238
1472,MC.159434@1075642216
1478,MC.AMD110518@0124010994
1481,MC.160803@1075642252
1482,MC.160780@1075690526
1485,MC.AMD105406@0123861382
1488,MC.163002@1082087078
1492,8351344-1-0238094638
1494,MC.158390@1075642214
1499,8494092-1-0238040663
1516,MC.161328@1075642263
1517,MC.161073@1075642254
1548,
1549,MC.159939@1075642274
1554,MC.159734@1075642276
1563,MC.AMD135452@0123890215
1564,MC.160629@1075642279
1568,MC.AMD114548@0123909116
1587,MC.159948@1075642283
1590,9249974-1-0238040864
1609,MC.AMD121182@0123889927
1634,MC.AMD103597@0124011452
1637,
1639,MC.AMD135266@0124015189
1645,8027551-1-0238042247
1646,9465309-1-0238042270
1648,MC.AMD102035@0123890243
1650,2826251-1-0238040671
1652,MC.AMD105583@0124011453
1654,MC.AMD130901@0123890231
1662,MC.157676@1075642228
1666,8088138-1-0238040872
1671,5752844-1-0238042312
1680,MC.AMD106545@0124011433
1689,2231834-1-0238042319
1693,4959788-1-0238042287
1695,
1696,MC.156130@1075642240
1698,MC.159752@1075642236
1710,MC.160697@1075642237
1711,MC.AMD114846@0124011447
1712,MC.157814@1075642242
1719,MC.161262@1075642286
1725,MC.159179@1075680624
1727,MC.AMD117659@0123889950
1728,6639910-1-0238040228
1734,1124527-1-0238040300
1747,
1751,MC.160634@1075642395
1756,MC.AMD104289@0123889962
1760,MC.160090@1075680625
1762,MC.159674@1075642394
1767,MC.157366@1075642290
1770,
1771,MC.158403@1075642416
1781,MC.AMD104719@0124011440
1782,MC.AMD134002@0124011441
1784,MC.159690@1075642411
1786,8268975-1-0238040317
1787,MC.AMD133885@0124011431
1794,MC.AMD134909@0124011442
1798,MC.158594@1075642399
1803,MC.158924@1075642400
1830,MC.AMD105155@0124011428
1863,MC.AMD118297@0124011422
1866,MC.159526@1075642410
1867,MC.159542@1075642427
1882,6647466-1-0238040275
1890,MC.160578@1075642431
1895,MC.157743@1075642418
1897,MC.157484@1075642425
1899,MC.AMD117897@0123890753
1912,6610062-1-0238040313
1921,MC.AMD116857@0123890756
1931,2855904-1-0238040258
1933,MC.AMD111824@0123890757
1941,MC.AMD107361@0123890771
1956,2196315-1-0238042180
1957,2008244-1-0238040257
1972,9470916-1-0238042149
1976,MC.160271@1075642451
1981,4235549-1-0238042187
1982,MC.159643@1075642453
1985,MC.AMD106265@0124011411
1991,4824716-1-0238042179
1995,MC.158115@1075642452
2002,MC.AMD109809@0123890740
2010,MC.157352@1075642464
2036,MC.AMD105482@0124011415
2053,MC.157496@1075642457
2085,MC.AMD105139@0124008436
2089,
2092,MC.159515@1075642470
2098,MC.AMD108737@0123890731
2110,MC.AMD101373@0123890727
2115,1607867-1-0238042241
2122,MC.159413@1075642477
2141,MC.AMD110182@0123907483
2142,MC.AMD135603@0123890716
2150,5938858-1-0238042193
2151,6088784-1-0238040679
2164,3428326-1-0238042218
2175,
2185,MC.AMD101054@0124011397
2193,MC.161330@1075680638
2197,
2206,5706557-1-0238042068
2208,MC.160398@1075642015
2222,MC.AMD106162@0123890704
2244,MC.AMD100062@0124011380
2258,6308473-1-0238042101
2264,2392905-1-0238062279
2267,MC.161366@1075642029
2268,
2273,5733658-1-0238040695
2283,MC.AMD105105@0124011382
2291,MC.AMD106365@0123890702
2297,1429579-1-0238042118
2299,MC.156567@1075642024
2301,MC.AMD100118@0124011375
2310,MC.159914@1075642023
2311,5341506-1-0238042126
2330,MC.AMD100975@0123890489
2332,MC.AMD130885@0124011358
2340,
2356,MC.158022@1075642060
2374,MC.161387@1075642048
2379,MC.160995@1075642042
2394,MC.159412@1075680456
2404,MC.AMD119824@0123890487
2409,MC.AMD105578@0123890491
2411,MC.157670@1075642071
2414,5551858-1-0238042103
2415,MC.158222@1075642043
2416,MC.158239@1075642039
2417,
2419,
2422,MC.AMD115380@0123890695
2431,MC.159874@1075642094
2439,5675578-1-0238041972
2442,MC.161301@1075642077
2443,MC.AMD121164@0123890485
2444,MC.AMD107262@0124011362
2474,MC.AMD110033@0124011372
2481,MC.AMD100163@0124011338
2482,MC.AMD106705@0124011339
2485,MC.AMD110358@0123890479
2486,MC.AMD116781@0123890474
2490,9924837-1-0238042029
2499,1683004-1-0238042045
2500,MC.AMD127638@0124011352
2506,1634479-1-0238041998
2522,3013184-1-0238041966
2524,7241304-1-0238042037
2526,3360952-1-0238042021
2536,
2539,MC.AMD135601@0123889991
2542,MC.157232@1075642096
2550,MC.AMD100211@0123909111
2555,MC.158360@1075642101
2556,MC.156290@1075642082
2566,MC.157085@1075642070
2568,2516944-1-0238042024
2580,MC.AMD134921@0123890476
2583,4805809-1-0238041958
2584,MC.160669@1075642104
2588,MC.157885@1075642091
2591,MC.157379@1075642092
2594,MC.157858@1075642088
2603,
2619,MC.160761@1075642115
2625,MC.158624@1075642111
2633,MC.157803@1075642114
2637,
2638,MC.AMD102726@0123890462
2650,5072571-1-0238041985
2651,2107953-1-0238041070
2667,MC.161336@1075642121
2673,2143422-1-0238042040
2678,MC.AMD107195@0123890451
2687,
2693,MC.AMD109526@0123890459
2698,2106890-1-0238042041
2702,MC.159105@1075642135
2708,MC.AMD102512@0123890458
2728,9175892-1-0238042411
2729,MC.AMD100250@0123890443
2736,MC.158097@1075642146
2743,9398323-1-0238041970
2780,9822499-1-0238042395
2787,MC.AMD101444@0123889986
2790,MC.AMD125919@0124011322
2793,MC.AMD111701@0123890435
2806,MC.AMD101142@0124011303
2812,9640146-1-0238042382
2815,MC.AMD119540@0123890437
2823,MC.159860@1075642160
2828,3147935-1-0238095032
2849,7974556-1-0238040857
2864,MC.AMD104004@0124011313
2878,
2879,MC.AMD111363@0123889985
2880,5464749-1-0238042351
2881,MC.AMD108418@0124011274
2883,MC.AMD100449@0123890402
2889,MC.161231@1075642171
2893,MC.AMD118681@0123890405
2896,MC.AMD101371@0123890410
2910,MC.AMD100363@0123890418
2914,MC.159164@1075642167
2916,MC.158968@1075642169
2917,MC.158843@1075642177
2933,7429092-1-0238042354
2936,MC.159955@1075642188
2948,MC.AMD108011@0123890409
2949,MC.161383@1075641353
2950,MC.AMD109518@0124011299
2965,MC.160480@1075642189
2987,MC.157695@1075642183
2989,
2993,MC.160202@1075680470
2996,MC.159659@1075641359
3000,7546556-1-0238042369
3004,MC.159573@1075641339
3014,MC.160778@1075641355
3022,MC.160525@1075641364
3043,MC.157846@1075641341
3049,MC.AMD103998@0124011284
3052,7374760-1-0238042385
3061,MC.AMD106598@0124011268
3064,MC.157532@1075641349
3066,MC.157438@1075641386
3070,MC.AMD135014@0124011273
3074,MC.158313@1075641369
3076,
3081,MC.AMD136209@0123890566
3083,MC.AMD104158@0124011282
3088,MC.AMD109023@0123889998
3089,1153744-1-0238042852
3094,2392852-1-0238042851
3097,MC.160097@1075641362
3099,MC.160016@1075641371
3104,MC.AMD101354@0123890561
3106,MC.AMD100465@0123890559
3111,MC.161234@1075641365
3118,
3119,
3121,
3125,MC.AMD106799@0123890558
3132,6274010-1-0238042426
3137,MC.AMD102482@0123889730
3148,MC.AMD101118@0124011546
3150,MC.158056@1075641378
3152,5767727-1-0238042853
3153,1672303-1-0238042829
3157,9004121-1-0238042821
3158,MC.AMD103506@0123890549
3162,MC.AMD129830@0124011550
3170,8641460-1-0238042893
3180,MC.159159@1075638274
3194,6428714-1-0238042862
3203,MC.AMD111867@0123890542
3222,MC.AMD132635@0123890541
3228,5710714-1-0238042854
3238,MC.AMD109003@0123890543
3266,
3279,7064465-1-0238040889
3288,8744180-1-0238042904
3301,7802634-1-0238042888
3316,1320654-1-0238042849
3332,MC.AMD100245@0124011518
3336,MC.AMD100347@0123890525
3343,MC.AMD108507@0123890524
3345,MC.AMD111304@0123890527
3354,MC.158198@1075641416
3360,MC.157698@1075641426
3361,MC.158236@1075641428
3376,MC.159854@1075641420
3381,MC.AMD119835@0123909104
3384,MC.159772@1075641431
3391,MC.AMD108837@0123907478
3407,MC.AMD105698@0123890518
3411,MC.157804@1075641432
3425,MC.158388@1075641441
3430,MC.AMD103603@0123890510
3435,MC.AMD110192@0124011512
3439,MC.159184@1075641720
3444,MC.159263@1075641442
3452,8339729-1-0238042957
3454,6885225-1-0238042941
3460,
3482,MC.160547@1075641452
3486,MC.AMD107069@0124011495
3495,MC.158050@1075641449
3506,1543915-1-0238042982
3510,MC.161263@1075641448
3512,
3516,8908879-1-0238042989
3518,MC.160548@1075641450
3525,
3536,MC.AMD131151@0123890393
3538,2026572-1-0238042812
3542,5622446-1-0238042944
3555,MC.AMD101951@0123890397
3568,MC.AMD131146@0123861348
3570,
3574,MC.AMD132624@0124011484
3578,MC.159113@1075641463
3580,MC.AMD108473@0124011482
3585,MC.AMD108829@0123890392
3587,MC.158998@1075641509
3589,MC.AMD115102@0124011487
3604,5890613-1-0238040850
3614,
3624,MC.AMD100056@0123890333
3628,
3636,MC.158087@1075641518
3645,MC.158657@1075641517
3657,7399220-1-0238042976
3661,2122027-1-0238042790
3664,MC.AMD108348@0123909094
3672,MC.157781@1075641470
3673,MC.AMD104636@0124011457
3688,MC.AMD109733@0123909093
3693,MC.AMD106952@0123890379
3697,
3712,8319026-1-0238042929
3718,7163288-1-0238042798
3719,MC.158316@0123948121
3720,MC.AMD107662@0124011473
3726,MC.AMD106316@0124011478
3731,MC.157263@1075641507
3736,MC.AMD105432@0124009876
3739,MC.159006@1075641474
3742,MC.AMD102686@0124009913
3757,MC.AMD103916@0124009878
3763,
3778,MC.AMD126678@0123890310
3782,MC.160378@1075641523
3785,MC.AMD100958@0123890338
3786,MC.158578@1075641497
3792,MC.158001@1075641837
3793,3908077-1-0238042961
3794,MC.AMD118924@0124011469
3800,MC.AMD104190@0123890349
3806,
3825,7603846-1-0238042763
3850,MC.AMD112544@0123890348
3866,MC.159906@1075641829
3868,6669638-1-0238042799
3872,3386864-1-0238042744
3880,MC.AMD115315@0123890323
3891,MC.AMD102613@0123909090
3908,MC.AMD115141@0124009907
3918,MC.AMD108952@0123890344
3922,MC.157677@1075641824
3924,
3936,
3937,MC.AMD102484@0124009890
3938,
3942,MC.AMD114411@0123890307
3962,MC.159595@1075641835
3966,1046342-1-0238042817
3972,MC.AMD100593@0123890317
3976,
3977,MC.161158@1075641844
3981,MC.AMD110805@0123890320
3984,MC.AMD100579@0123890311
3992,MC.159273@1075641833
4001,MC.160249@1075638250
4005,
4013,MC.AMD132708@0124009850
4014,
4017,MC.159623@1075641843
4022,MC.161177@1075641865
4030,MC.161070@1075641852
4032,MC.AMD106231@0123889326
4043,1211323-1-0238042555
4047,6635182-1-0238041086
4064,MC.157646@1075641857
4065,
4066,3140274-1-0238042575
4070,MC.AMD103192@0123889435
4074,MC.AMD105784@0124009864
4075,MC.AMD106583@0124009863
4080,MC.AMD101631@0123889322
4087,MC.AMD109192@0123889420
4095,MC.158791@1075641863
4097,MC.AMD100088@0124009853
4110,MC.AMD118096@0123909087
4126,MC.158202@1075641941
4130,MC.AMD101869@0123889434
4140,MC.AMD100460@0124009847
4141,MC.155723@1075641939
4148,8571484-1-0238040890
4149,7249270-1-0238041023
4154,6694424-1-0238040116
4173,MC.AMD102253@0124009859
4180,MC.AMD105343@0123889314
4182,MC.AMD108190@0123909086
4183,MC.157835@1075680502
4189,6622205-1-0238095087
4210,MC.AMD108236@0124009837
4215,MC.161026@1075641951
4216,MC.AMD122799@0123909085
4228,
4250,6333448-1-0238042568
4251,MC.AMD129543@0124009824
4254,MC.AMD107044@0124009836
4255,MC.157485@1075641963
4267,3292616-1-0238042602
4268,MC.159840@1075641973
4274,MC.AMD103201@0124009827
4282,MC.161176@1075641978
4284,MC.161141@1075641979
4289,
4306,6978030-1-0238042609
4324,5990502-1-0238042445
4325,MC.159880@1075641986
4331,3216316-1-0238096265
4334,MC.159817@1075641997
4341,MC.159431@1075641634
4344,MC.161150@1075680507
4346,MC.AMD111874@0123889305
4348,4929671-1-0238042468
4354,MC.160410@1075641996
4357,MC.163141@1082087102
4358,5604567-1-0238042508
4369,MC.AMD122505@0123889466
4381,MC.AMD111803@0123889425
4383,MC.157507@1075641993
4386,9313562-1-0238042516
4389,1505449-1-0238042435
4415,MC.161337@1075642001
4418,3025262-1-0238042465
4441,
4442,MC.AMD111116@0123889426
4454,
4455,MC.AMD105956@0123889427
4491,MC.AMD113458@0123907465
4495,MC.157678@1075638229
4496,3054561-1-0238042446
4498,MC.AMD108450@0123911511
4503,MC.AMD100144@0123911510
4505,MC.AMD105635@0123889462
4521,MC.AMD113095@0123889449
4532,MC.AMD124703@0123911489
4539,MC.159750@1075641668
4548,MC.161083@1075641660
4549,MC.AMD107504@0123911471
4550,8733812-1-0238042447
4551,MC.AMD108431@0123911469
4556,MC.AMD131869@0123911488
4590,8708559-1-0224008212
4592,MC.160186@1075680538
4593,
4594,MC.AMD100914@0123889442
4604,MC.159814@1075641671
4611,MC.AMD131723@0123909081
4614,5198894-1-0238042458
4620,MC.AMD135906@0123889441
4621,MC.AMD108433@0123911476
4632,MC.AMD105052@0123889317
4633,MC.AMD108726@0123909079
4646,MC.157537@1075641674
4651,
4656,MC.160243@1075680521
4670,MC.159882@1075641678
4671,MC.159871@1075638228
4673,MC.159664@1075641663
4679,MC.159366@1075641672
4685,MC.AMD101751@0123890959
4689,MC.AMD107717@0123911484
4696,MC.161007@1075641676
4708,4547370-1-0238042497
4712,MC.159081@1075641700
4720,MC.AMD107034@0123889414
4721,3301188-1-0238096193
4743,MC.AMD112705@0123889984
4745,MC.157468@1075641688
4747,MC.157838@1075641693
4753,MC.161353@1075641696
4769,MC.AMD135662@0123890954
4772,3139798-1-0238096260
4787,MC.AMD135257@0123890958
4796,MC.AMD102385@0123890930
4812,1995358-1-0238096214
4813,MC.AMD116719@0123890945
4820,MC.AMD101103@0123890949
4842,MC.AMD108127@0123890943
4852,MC.AMD101211@0123890928
4854,MC.AMD129383@0123911458
4855,MC.AMD102609@0123890890
4856,4572647-1-0238096189
4872,MC.AMD108389@0123911441
4879,MC.158677@1075678184
4884,MC.158079@1075641713
4885,MC.AMD104296@0123911277
4886,8742208-1-0238096136
4887,MC.157847@1075678186
4911,MC.AMD113134@0123911276
4915,MC.AMD100229@0123911443
4927,7129943-1-0238040867
4932,9202466-1-0238096254
4935,MC.160784@1075678187
4940,MC.158021@1075678183
4950,MC.158758@1075678190
4954,MC.AMD117082@0123911431
4957,MC.AMD101087@0123909071
4973,4890380-1-0238096112
4976,
4978,MC.160889@1075678170
4993,
5001,MC.157156@1075678162
5004,MC.AMD100866@0123890926
5007,MC.AMD112243@0123911225
5013,MC.AMD102766@0123911265
5054,MC.AMD125007@0123889297
5057,MC.AMD100304@0123911260
5062,
5064,MC.AMD113890@0123889412
5073,MC.AMD100097@0123909068
5074,MC.158499@1075678204
5075,
5079,MC.157888@1075678208
5084,3464611-1-0238096122
5088,4711877-1-0238040956
5094,MC.157327@1075678211
5096,MC.158110@1075678210
5105,MC.157239@1075678212
5113,MC.159742@1075678227
5117,MC.159334@1075678235
5122,6247662-1-0238096139
5124,
5137,8247903-1-0238096094
5145,MC.AMD106447@0123890910
5158,MC.AMD120165@0123890897
5161,2925193-1-0238096149
5165,MC.157609@1075676756
5167,1917918-1-0238096093
5170,MC.158326@1075678246
5175,2158384-1-0238096116
5181,MC.AMD104091@0123890902
5186,4176349-1-0238096033
5193,3994119-1-0238096140
5198,MC.AMD104797@0123911218
5199,MC.AMD134243@0123911215
5200,MC.AMD101478@0123890914
5202,MC.AMD105736@0123890915
5207,
5234,MC.AMD129069@0123911227
5241,MC.157348@1075678245
5258,4810747-1-0224008214
5267,MC.AMD100333@0123911220
5268,MC.158342@1075678237
5269,8617481-1-0238096182
5299,MC.161282@1075678461
5314,MC.AMD101164@0123890889
5318,MC.160656@1075678250
5340,MC.AMD100456@0123911214
5342,5280572-1-0238095996
5350,MC.160287@1075680078
5351,5651730-1-0238096012
5352,MC.AMD134901@0123911200
5367,
5390,MC.158709@1075678451
5405,MC.157932@1075678470
5410,3660504-1-0238096085
5413,MC.160250@1075678482
5428,
5438,MC.AMD100171@0123861390
5454,MC.AMD101122@0123889408
5469,1340597-1-0238096044
5492,MC.157968@1075678472
5501,MC.160315@1075678496
5503,MC.AMD114900@0123910937
5515,MC.AMD107896@0123910934
5530,MC.AMD119058@0123911178
5542,7143391-1-0238096079
5550,
5565,8740646-1-0238096087
5580,MC.160606@1075678502
5584,MC.AMD120406@0123911195
5597,MC.156416@1075641889
5608,MC.AMD101155@0123861358
5611,MC.158125@1075678497
5643,MC.159359@1075678537
5644,MC.AMD104049@0123911162
5648,MC.AMD100407@0123861353
5666,MC.AMD107173@0123911173
5672,6645242-1-0238096696
5673,1128828-1-0224008211
5679,MC.AMD105228@0123861352
5702,MC.AMD107873@0123861350
5706,MC.155240@1075678534
5707,8899230-1-0238096760
5711,9832464-1-0238096683
5712,MC.162969@1082087118
5718,MC.158915@1075678916
5720,MC.158798@1075678892
5724,MC.AMD100338@0123910243
5736,
5743,8831225-1-0238096800
5767,
5772,MC.158927@1075678887
5777,MC.160588@1075678296
5785,MC.160065@1075678901
5790,MC.159754@1075678888
5796,5117249-1-0238096770
5812,
5818,MC.AMD108872@0123861340
5820,MC.AMD108227@0123911147
5850,MC.159318@1075678256
5854,MC.AMD101200@0123861150
5872,MC.AMD117466@0123861151
5874,MC.158787@1075678919
5883,7922098-1-0238096781
5893,MC.AMD100636@0123910229
5895,MC.AMD131952@0123861152
5907,MC.AMD103243@0123910920
5908,6377598-1-0238096845
5923,9480265-1-0238096829
5936,
5954,MC.AMD104074@0123910921
5955,
5979,MC.AMD134696@0123910923
5988,
5990,5327113-1-0238096846
5992,2628653-1-0238096854
5996,
5997,
5999,MC.159788@1075678529
6009,MC.AMD114485@0123910871
6010,
6013,MC.161029@1075678271
6016,MC.AMD109331@0123859607
6026,
6033,
6041,MC.AMD135192@0123861127
6050,
6051,MC.AMD127270@0123910206
6053,MC.161343@1075678291
6057,MC.160824@1075680084
6059,MC.AMD104708@0123861129
6061,MC.AMD133630@0123910913
6065,9347821-1-0238096512
6068,5909492-1-0238096514
6069,MC.159801@1075678290
6088,MC.158450@1075678279
6089,MC.AMD126448@0123910911
6094,
6096,MC.158305@1075678292
6113,MC.AMD100685@0123861691
6118,
6121,MC.AMD121800@0123910919
6124,MC.AMD102904@0123910910
6130,MC.AMD115296@0123909857
6142,MC.160436@1075678307
6148,MC.AMD104503@0123861346
6160,MC.AMD129505@0123910908
6166,MC.157692@1075678323
6171,MC.AMD102264@0123861689
6186,MC.157457@1075678314
6190,
6202,1615641-1-0238096556
6210,MC.161192@1075678318
6221,MC.AMD117472@0123861682
6222,1736088-1-0238096492
6233,MC.AMD106909@0123861678
6251,
6252,MC.160551@1075678345
6257,MC.AMD100315@0123861660
6266,MC.AMD100800@0123861667
6272,
6279,MC.161227@1075678346
6282,4710679-1-0238096501
6285,MC.160576@1075678333
6304,MC.AMD134628@0123909052
6308,2247987-1-0238096502
6311,MC.AMD134698@0123910869
6313,MC.158827@1075678340
6351,MC.159266@1075678745
6358,MC.158302@1075678338
6360,MC.160645@1075678732
6364,1565787-1-0238096755
6372,MC.AMD101970@0123861117
6376,MC.AMD105154@0123861657
6377,1676499-1-0238096871
6380,MC.AMD109459@0123910885
6384,MC.AMD112524@0123907475
6392,MC.157478@1075678343
6409,MC.AMD122578@0123861652
6418,MC.160333@1075680099
6423,
6442,MC.AMD120779@0123910891
6452,MC.AMD114651@0123910866
6461,MC.159767@1075678761
6478,MC.156918@1075676765
6479,MC.163165@1082087113
6488,MC.AMD107731@0123910852
6501,4556509-1-0238096859
6506,MC.AMD100479@0123861636
6517,MC.157487@1075678772
6518,MC.154316@1075680154
6547,MC.158801@1075678787
6552,
6599,MC.AMD114716@0123861111
6601,MC.AMD102809@0123909056
6603,
6604,MC.AMD118057@0123861622
6606,MC.AMD101089@0123861631
6615,
6620,MC.157879@1075676794
6621,MC.AMD100550@0123890372
6626,8629751-1-0238096858
6634,MC.160190@1076254282
6645,2674660-1-0238096918
6653,MC.AMD130910@0123861108
6663,5069072-1-0238096425
6665,MC.AMD104754@0123909042
6675,MC.AMD100558@0123909059
6678,MC.AMD122844@0124013723
6700,MC.AMD115553@0123909864
6710,MC.AMD115061@0123909866
6712,MC.AMD134402@0124013382
6718,MC.AMD100906@0123890371
6732,1619599-1-0238096902
6733,MC.AMD130388@0123861612
6742,4314865-1-0238096415
6743,MC.AMD100668@0123861608
6744,MC.AMD104827@0123859631
6751,6178167-1-0238096458
6771,MC.159466@1075678371
6777,MC.AMD107471@0123861093
6783,MC.AMD135178@0123889395
6790,MC.158691@1075678796
6794,MC.AMD102213@0123861327
6802,MC.160646@1075678375
6811,MC.AMD102981@0123861329
6812,3814247-1-0238096388
6813,MC.AMD105003@0123861107
6826,MC.159999@1075678813
6830,MC.AMD129089@0123909047
6848,MC.158732@1075678350
6849,
6850,MC.159678@1075678823
6852,
6861,4718011-1-0238096394
6865,MC.160519@1075678348
6878,MC.157934@1075678400
6885,MC.AMD126841@0123909044
6887,MC.156085@1075678817
6902,MC.AMD103425@0123909046
6903,MC.AMD100302@0123909846
6925,4726934-1-0238096603
6929,MC.159339@1075680106
6933,MC.161203@1075678369
6934,MC.AMD101718@0123909818
6938,1971838-1-0238096429
6943,MC.AMD107915@0123861088
6948,9209369-1-0238096639
6960,9605762-1-0238096631
6961,MC.AMD129122@0123861063
6967,MC.AMD104748@0124013674
6974,2358101-1-0238096405
6983,MC.AMD129187@0123909816
6990,MC.AMD125386@0123909803
6991,MC.AMD100335@0123909831
6994,MC.AMD101210@0123861326
6998,4852543-1-0238096591
7003,MC.158379@1075678381
7033,2033073-1-0238096389
7036,1556214-1-0238096381
7046,2310521-1-0238096462
7050,MC.AMD122139@0123861068
7051,
7058,7582300-1-0238096600
7067,MC.AMD103598@0123889397
7073,MC.AMD110602@0123909802
7077,1351630-1-0238096601
7084,MC.AMD103710@0123909813
7107,MC.AMD102944@0123861080
7133,MC.AMD119348@0124013709
7145,MC.161014@1075678415
7147,
7174,MC.159562@1075679158
7185,MC.AMD111010@0123909796
7197,MC.160637@1075641885
7203,MC.AMD116107@0123909795
7207,MC.158620@1075676752
7224,MC.158297@1075678421
7228,
7239,
7240,MC.158127@1075678407
7242,
7243,8498929-1-0238096587
7266,1277926-1-0238096614
7274,MC.AMD101212@0123911413
7277,MC.159537@1075678646
7294,MC.AMD110381@0123861059
7299,MC.AMD102487@0123911324
7310,MC.154951@1075678642
7331,MC.AMD111865@0123911420
7336,MC.AMD108977@0123861042
7342,MC.AMD100278@0123889745
7354,MC.161314@1075678438
7360,MC.AMD101069@0123907459
7367,
7373,MC.AMD102445@0123911317
7376,MC.AMD121021@0123861039
7381,1788605-1-0238096630
7389,8318263-1-0238096344
7405,MC.AMD103738@0123911312
7407,
7420,1522056-1-0238096290
7429,MC.AMD111383@0123890283
7433,MC.AMD119627@0123909026
7440,MC.159254@1075678670
7443,9641079-1-0238096299
7444,MC.AMD108788@0123861026
7447,MC.AMD100205@0123861025
7458,MC.160505@1075678674
7462,MC.155252@1075678671
7496,MC.159554@1075678683
7513,MC.AMD100894@0123911301
7516,MC.AMD105795@0123911299
7520,MC.159085@1075678714
7521,MC.158950@1075678710
7528,MC.AMD104353@0123861866
7533,MC.AMD101988@0123911300
7538,MC.159762@1075678708
7539,MC.159549@1075678717
7540,MC.160141@1075678716
7543,
7559,8998290-1-0238039076
7566,6460873-1-0238096335
7582,MC.AMD104084@0123861874
7585,MC.160962@1075677113
7597,MC.AMD104563@0123911297
7614,MC.158633@1075678848
7617,MC.AMD116272@0124013705
7621,5162857-1-0238096317
7636,MC.AMD118952@0123859603
7650,MC.160905@1075677124
7654,MC.AMD114420@0123861862
7657,5203576-1-0238039094
7659,MC.160289@1075676741
7661,MC.AMD112668@0123861319
7664,MC.160067@1075678690
7672,MC.159369@1075677122
7682,MC.157427@1075677126
7689,MC.160575@1075677151
7696,
7698,MC.159354@1075677132
7715,MC.159783@1075677149
7749,MC.160918@1075677141
7756,MC.AMD122652@0123861841
7760,MC.AMD112084@0123861842
7766,2237742-1-0238039144
7770,7553248-1-0238039128
7781,MC.AMD115988@0123861845
7787,MC.AMD121574@0123911406
7794,MC.AMD119657@0123861802
7795,MC.159383@1075677178
7807,MC.161003@1075641880
7818,MC.161386@1075677164
7826,4394625-1-0238039115
7827,1015185-1-0238039388
7838,MC.159095@1075677167
7842,
7843,MC.AMD105338@0123910224
7848,
7858,
7861,5425183-1-0238039380
7875,MC.AMD126109@0123861819
7879,5129042-1-0238039162
7882,MC.AMD112817@0123911399
7887,9269160-1-0238039105
7894,MC.AMD118092@0123861851
7905,
7913,5985534-1-0238039091
7916,
7922,
7925,
7934,9795739-1-0238039413
7965,MC.160580@1075677198
7966,1815029-1-0238039405
7967,MC.160496@1075677191
7968,MC.160329@1075677194
7976,MC.AMD108802@0123911377
7981,MC.156296@1075677182
8001,MC.159525@1075677190
8002,MC.AMD114218@0123861792
8008,MC.AMD132921@0123861811
8018,MC.158064@1075678843
8020,
8024,MC.160232@1075678067
8035,MC.159836@1075680139
8036,MC.AMD121344@0123911367
8045,MC.AMD102959@0123911370
8050,MC.160453@1075678070
8054,8544760-1-0238039415
8057,MC.157297@1075680134
8058,MC.AMD101427@0123861795
8061,MC.AMD102451@0123909023
8062,MC.AMD122849@0123911362
8066,8725626-1-0238039369
8070,MC.AMD116802@0123861501
8091,MC.156991@1075678076
8106,MC.159171@1075676753
8117,MC.AMD125796@0123911355
8126,9304001-1-0238039456
8128,MC.AMD100495@0123861443
8135,MC.157204@1075680138
8140,MC.159691@1075678094
8143,2899714-1-0238095075
8147,MC.AMD108745@0123911350
8150,MC.AMD123775@0123911349
8157,1333739-1-0238039370
8163,MC.AMD110009@0123861497
8167,MC.AMD118506@0123911649
8170,9064375-1-0238039419
8187,
8192,MC.AMD116772@0124013702
8200,MC.AMD107696@0123910246
8201,2282231-1-0238039684
8218,MC.160226@1075678102
8219,MC.AMD107046@0123911343
8244,MC.AMD111695@0124013700
8248,MC.AMD109385@0123861492
8254,MC.157278@1075678101
8255,MC.157305@1075678097
8262,MC.AMD135230@0123861458
8285,MC.AMD124595@0123911332
8290,MC.159031@1075680135
8297,MC.AMD109092@0123911336
8299,MC.157096@1075678113
8305,MC.AMD103961@0123861209
8306,MC.159969@1075678115
8312,1011758-1-0238039658
8329,MC.157547@1075680133
8364,MC.AMD108999@0123861475
8369,MC.AMD100180@0123911705
8373,
8377,MC.AMD113869@0123861476
8395,5635125-1-0238039689
8406,MC.AMD104092@0123911693
8440,MC.161101@1075641890
8459,5973770-1-0238039722
8463,MC.AMD105177@0123889389
8481,MC.157857@1075678630
8485,MC.157284@1075678146
8494,MC.157544@1075678559
8507,MC.158449@1075678557
8512,MC.160078@1075678618
8519,MC.AMD106481@0123911677
8523,MC.160921@1075678628
8533,MC.160776@1075678548
8544,MC.157241@1075678554
8549,
8555,MC.AMD110374@0123911676
8567,MC.156392@1075680146
8576,MC.AMD134102@0123861450
8584,4699101-1-0238039622
8597,4261266-1-0238039639
8602,1615592-1-0238040974
8624,MC.159805@1075678605
8627,
8631,MC.AMD101286@0123861439
8638,MC.156676@1075678603
8645,MC.AMD133988@0123861435
8647,2601282-1-0238039576
8648,2921253-1-0238040180
8651,MC.158167@1075678612
8653,MC.157354@1075678609
8662,MC.159328@1075678625
8663,MC.160284@1075680145
8664,MC.AMD109008@0123911616
8670,MC.161143@1075678853
8675,3584454-1-0238039648
8699,MC.AMD107682@0123861206
8700,MC.AMD112907@0123861441
8718,MC.160499@1076254337
8734,MC.AMD107766@0123911646
8739,MC.161201@1076254338
8748,MC.158643@1076254336
8749,MC.158486@1076254346
8772,MC.161114@1076254382
8786,6031621-1-0238040046
8787,
8791,MC.AMD129803@0123861579
8798,MC.158412@1076254378
8809,4645334-1-0238039906
8813,MC.AMD105993@0123911637
8826,MC.AMD113861@0123861577
8836,MC.AMD110583@0123861580
8845,
8860,9443646-1-0238039212
8871,
8875,MC.AMD100573@0123861587
8885,MC.157962@1076254391
8887,MC.154785@1076254387
8898,2153775-1-0238039912
8903,MC.160098@1076253385
8905,MC.160037@1076254407
8920,MC.AMD103432@0123911625
8930,MC.157009@1076254405
8935,MC.AMD121421@0123861571
8936,
8943,
8948,MC.161168@1076254352
8958,MC.155662@1076254402
8977,MC.AMD103020@0123911619
8997,MC.157605@1076254365
8998,MC.AMD116325@0123911618
9008,2044414-1-0238039928
9010,MC.AMD103773@0123909598
9019,1845794-1-0238039856
9021,MC.AMD103413@0123861305
9026,MC.157747@1076254414
9033,MC.155675@1076254328
9035,5229983-1-0238039191
9038,MC.158632@1076254401
9041,4169833-1-0238095482
9050,MC.AMD103211@0123909594
9055,MC.159460@1076254409
9085,MC.158422@1076254417
9086,MC.158380@1076254427
9088,MC.158091@1076254428
9092,MC.157760@1076254430
9103,
9110,MC.155243@1076254429
9113,MC.AMD101906@0123861567
9115,4198200-1-0238039177
9122,
9127,MC.AMD123862@0123909588
9132,
9133,1382824-1-0238039224
9140,MC.157286@1076253379
9160,5073589-1-0238039257
9168,4614921-1-0238039241
9171,MC.160151@1076254422
9177,MC.AMD114035@0123861205
9193,MC.155135@1075680165
9197,
9209,MC.157349@1076254426
9212,MC.157459@1076253378
9220,MC.160543@1076253398
9226,9018207-1-0238039235
9235,MC.157567@1076254489
9244,3573768-1-0238095392
9251,MC.160799@1076253467
9264,MC.AMD134852@0123861541
9266,8818722-1-0238038788
9270,9130390-1-0238095400
9281,8342027-1-0238095320
9283,MC.157762@1076253464
9291,
9301,3439886-1-0238095330
9305,MC.159042@1076253409
9306,MC.159667@1076253402
9312,2468525-1-0238095409
9330,
9337,MC.AMD106523@0123861530
9340,2365631-1-0238095401
9349,MC.154386@1075680161
9356,MC.AMD102068@0123861539
9371,MC.AMD115194@0123909566
9376,MC.AMD108532@0123909568
9387,MC.AMD101551@0123909016
9390,MC.157808@1076253418
9399,MC.AMD109594@0123861538
9402,MC.157455@1076253434
9404,MC.157634@1076253435
9415,5585684-1-0238095333
9420,MC.159632@1075680159
9426,MC.161112@1076253446
9427,5607574-1-0238095388
9439,MC.160467@1075641896
9440,MC.160325@1076253427
9451,9051774-1-0238095380
9477,5874252-1-0238095357
9485,
9490,MC.AMD105006@0123861517
9497,
9505,8817266-1-0238095413
9506,
9515,MC.AMD117254@0123861505
9519,MC.AMD101593@0123889969
9525,
9535,MC.159162@1076253451
9537,MC.AMD125708@0123909542
9539,MC.158452@1075680157
9543,MC.AMD103557@0123861507
9547,MC.AMD100700@0123861509
9550,MC.AMD112385@0124013470
9560,2604231-1-0238095391
9568,MC.160583@1075676761
9580,1242203-1-0238095367
9592,MC.158682@1076254327
9593,MC.AMD100771@0123861511
9595,MC.AMD104236@0123861310
9599,MC.AMD103388@0123890596
9601,MC.AMD102856@0123861195
9604,MC.AMD106792@0123911612
9621,9605138-1-0238039299
9625,3163224-1-0238038126
9634,3487025-1-0238039989
9640,MC.AMD107279@0123909524
9643,MC.158458@1076254625
9644,1654554-1-0238039996
9648,MC.AMD116868@0123861304
9649,
9662,MC.AMD114941@0123909002
9664,8874490-1-0238038190
9668,MC.158839@1076254631
9676,
9684,MC.AMD110636@0123909521
9690,MC.AMD114193@0123861226
9696,MC.160988@1076254298
9699,9866667-1-0238040991
9701,MC.157173@1076254635
9715,MC.AMD115696@0123861293
9718,MC.158652@1076254643
9719,
9721,MC.AMD104764@0123909504
9726,MC.AMD103760@0123909505
9739,MC.AMD133227@0123911615
9742,MC.159230@1076254641
9757,9050247-1-0238040016
9760,1741594-1-0238040008
9771,MC.AMD101306@0124013469
9772,MC.160730@1076254709
9773,4432047-1-0238039941
9789,MC.AMD100445@0123859627
9793,MC.AMD100916@0123889375
9801,MC.AMD113996@0123911613
9803,MC.AMD124811@0123859623
9815,
9820,MC.160744@1075678925
9823,2002905-1-0238039271
9848,3994291-1-0238039276
9852,MC.AMD110785@0123861281
9856,
9887,4804222-1-0238040019
9892,
9896,MC.159197@1076254676
9897,MC.AMD100875@0123911595
9911,MC.158531@1076254675
9928,MC.157693@1076254692
9930,MC.AMD103179@0123911601
9951,MC.AMD117460@0123911589
9954,MC.AMD130987@0123911588
9972,MC.AMD105823@0123911583
9975,MC.160048@1075678928
9988,MC.AMD103037@0123861196
10009,1015931-1-0238039625
10012,MC.AMD103746@0123911580
10017,6259926-1-0238095092
10031,MC.AMD118596@0123861259
10036,MC.AMD103175@0124013403
10050,
10053,5489084-1-0238039304
10067,MC.159290@1076254703
10076,
10084,MC.159791@1076253952
10087,MC.161027@1076254718
10117,1277940-1-0238038806
10118,
10124,1472253-1-0238039289
10128,5242756-1-0238040165
10137,MC.AMD131161@0123861253
10139,
10144,6294292-1-0238039361
10149,MC.161214@1076253954
10154,MC.AMD118674@0123861255
10158,
10159,6909968-1-0238039353
10165,MC.158684@1076253953
10198,MC.158554@1075714880
10207,MC.156014@1076253963
10219,
10223,MC.160662@1076254302
10224,MC.160590@1076253971
10235,MC.AMD106690@0123861243
10241,MC.157227@1075714606
10245,MC.158547@1076253983
10248,MC.AMD105759@0123911526
10261,MC.AMD136672@0123911557
10270,MC.161091@1076253982
10288,MC.157660@1076253980
10312,MC.AMD116129@0124013461
10322,MC.AMD104019@0123861238
10323,MC.AMD103459@0123861229
10329,
10331,
10344,6279505-1-0238038801
10349,MC.AMD117760@0123861250
10350,MC.AMD100626@0123861199
10353,MC.158043@1076254300
10357,MC.157658@1075678705
10370,MC.157401@1075714924
10384,MC.160427@1076253999
10391,MC.AMD106668@0123861217
10393,MC.AMD129160@0123910202
10401,MC.AMD122269@0123909010
10407,MC.AMD103883@0124013451
10409,MC.156734@1075714929
10412,MC.AMD116515@0124013425
10413,MC.AMD100712@0123889365
10419,6856850-1-0238039538
10429,MC.157922@0123948184
10434,MC.157602@1076254329
10454,
10458,4100883-1-0238038849
10516,MC.161363@1076254170
10528,MC.AMD116683@0124013449
10531,
10533,8684410-1-0238095074
10554,
10555,MC.AMD104592@0123861706
10557,5276191-1-0238038874
10563,MC.AMD100473@0123910557
10569,MC.AMD108855@0123907446
10577,MC.AMD101275@0124013453
10580,MC.158436@1076253989
10597,8145095-1-0238038995
10598,MC.159036@1076254008
10608,MC.157844@1076254009
10610,MC.AMD123020@0123910550
10618,9504507-1-0238038994
10622,MC.AMD103542@0123910254
10624,MC.157920@1076254028
10626,MC.AMD129206@0123910264
10637,3312927-1-0238039051
10638,5117346-1-0238094937
10644,4328715-1-0238095116
10645,MC.AMD102679@0123861774
10647,MC.AMD102989@0123861785
10660,
10662,MC.154617@1076254020
10674,MC.AMD115112@0123910547
10677,MC.158059@1076254022
10686,MC.159367@1075641901
10692,MC.AMD128430@0123861782
10697,7387701-1-0238039516
10700,MC.AMD129090@0123910542
10710,MC.159415@1076254044
10716,2374549-1-0238039460
10718,MC.159293@1076254195
10719,6375843-1-0238039526
10733,MC.158060@1076254012
10748,MC.158697@1075678620
10767,MC.160139@1076254030
10769,6068117-1-0238039535
10810,MC.AMD119926@0123861736
10824,MC.160381@1076254153
10830,MC.155324@1075679042
10845,MC.AMD102153@0123861778
10858,
10863,MC.AMD101250@0123910517
10868,MC.AMD110734@0123910518
10870,MC.157991@1075678950
10874,MC.AMD117702@0123910510
10878,1579812-1-0238039555
10880,8347343-1-0238039521
10893,6777556-1-0238039467
10896,MC.158000@1076254145
10907,MC.AMD108241@0123910523
10916,
10918,MC.159843@1076254148
10921,MC.159438@1076254147
10922,5820186-1-0238094960
10930,MC.160951@1076254154
10958,MC.159635@1076254952
10963,MC.159428@1076254165
10964,4221479-1-0238039507
10973,MC.AMD102006@0123861411
10981,9575272-1-0238039499
10990,MC.159112@1075678952
11003,MC.157539@0123948128
11020,MC.157977@1075714938
11051,7736013-1-0238094994
11058,MC.163194@1082086293
11064,MC.AMD107877@0123910501
11066,
11067,9560753-1-0238095841
11072,MC.160498@1076254182
11075,MC.158103@1076254180
11078,MC.157575@1076254189
11080,MC.AMD134637@0123910499
11089,2111476-1-0238095004
11094,MC.159732@1076254954
11123,6761027-1-0238095834
11152,MC.158492@1076254201
11157,MC.AMD103058@0123861735
11162,MC.157282@1076254209
11174,
11196,MC.AMD100871@0123861722
11201,MC.AMD125083@0124013426
11208,7898025-1-0238038343
11209,MC.AMD101880@0123907448
11215,
11221,MC.158461@1075678967
11223,MC.158170@1075679162
11226,MC.160310@1076254228
11228,MC.160018@1076254224
11229,MC.AMD114730@0123861727
11232,MC.160299@1076254220
11234,MC.AMD105525@0123861729
11240,MC.AMD134596@0123861724
11247,MC.AMD113795@0124010973
11251,MC.AMD106627@0124010890
11258,MC.156384@1075714889
11271,
11274,4415393-1-0238038341
11276,MC.AMD103537@0123861731
11290,MC.161348@1076254239
11304,MC.AMD105285@0124010966
11305,MC.AMD102628@0123861712
11308,MC.158015@1076254236
11312,MC.AMD104626@0124008387
11313,5307662-1-0238094270
11317,MC.AMD111205@0123861710
11318,MC.AMD108639@0123861697
11337,MC.AMD104343@0123861708
11339,6187307-1-0238038213
11343,MC.161292@1076254914
11358,7888098-1-0238038318
11374,MC.154763@1076254960
11378,
11382,MC.160073@1076254934
11385,MC.AMD100252@0124008403
11386,MC.AMD102438@0123859643
11390,MC.AMD105000@0123861021
11398,MC.AMD104605@0123861703
11399,MC.160510@1076254935
11418,MC.AMD105977@0124010948
11419,MC.158146@1076254931
11435,MC.160110@1075678703
11437,MC.AMD112043@0124010947
11444,1883018-1-0238038360
11448,
11449,MC.160811@1076254929
11459,MC.AMD104805@0124008412
11469,MC.AMD128706@0123860947
11474,1527806-1-0238038384
11479,MC.AMD102851@0123859642
11480,MC.AMD102275@0123861016
11485,MC.AMD113502@0123908980
11488,3812899-1-0238038311
11491,MC.AMD111439@0124012353
11493,MC.159160@1076254939
11503,MC.159668@1076254937
11527,MC.159900@1076254946
11528,4789360-1-0238095824
11529,MC.AMD108728@0123860999
11536,MC.161393@1076254944
11545,MC.158987@1076254956
11557,MC.158908@1076254966
11568,
11572,MC.AMD104956@0123908942
11573,MC.AMD104772@0124010931
11576,MC.157973@1076254947
11582,MC.AMD113392@0124010923
11588,MC.159351@1075641904
11609,MC.AMD126581@0123860948
11611,MC.158158@1076254968
11627,MC.159638@1076254979
11636,
11647,MC.157971@1076254982
11652,MC.157591@1076254981
11658,3831739-1-0238095814
11678,
11684,MC.160466@1076254991
11690,MC.158382@1076254988
11709,MC.AMD101468@0123860989
11719,2603875-1-0238095855
11723,MC.AMD111100@0123860977
11730,MC.AMD100823@0123860976
11742,4619620-1-0238095101
11749,4375670-1-0238095192
11760,MC.AMD108610@0124010906
11777,MC.AMD105303@0123860984
11781,MC.160630@1075678970
11783,1726965-1-0238095553
11785,4121361-1-0238095584
11786,MC.159967@1076254531
11797,MC.AMD115679@0123860971
11801,9182953-1-0238095593
11825,MC.157881@1075678621
11835,9479055-1-0238095517
11838,MC.AMD103717@0124010903
11849,MC.AMD105336@0123907439
11869,
11872,
11880,MC.157174@1076254549
11890,
11891,MC.AMD101223@0123860966
11899,4513918-1-0238095117
11906,MC.AMD110262@0123908987
11907,2639628-1-0238095139
11909,
11916,MC.159158@1076254555
11917,MC.159156@1076254554
11921,MC.AMD101266@0123908985
11930,MC.AMD110588@0124010894
11946,3052211-1-0238095550
11955,MC.160984@1075641914
11959,8024053-1-0238041180
11966,2940787-1-0238041101
11974,MC.AMD104850@0123860960
11991,1235168-1-0238038598
11993,MC.160757@1075688807
12008,3406705-1-0238095160
12011,MC.AMD100365@0123860951
12018,
12021,MC.160663@1075679165
12023,MC.159143@1076254580
12025,MC.AMD118791@0124010888
12030,MC.159008@1076254577
12032,MC.AMD106014@0124011133
12044,MC.157906@1076254579
12047,7237374-1-0238041111
12049,MC.AMD129245@0124011165
12067,MC.158926@1076254612
12073,MC.AMD128793@0123860942
12075,MC.AMD126954@0123860943
12078,1790198-1-0238095210
12092,6586328-1-0238041148
12096,MC.159769@1075690306
12104,MC.AMD103865@0124014909
12105,MC.159310@1075690357
12124,MC.AMD105811@0124011163
12138,MC.AMD107108@0124011156
12141,MC.AMD126900@0124014827
12148,MC.160459@1075690312
12162,MC.AMD100222@0124014902
12177,4204005-1-0238041150
12178,MC.AMD105342@0123907436
12185,8448601-1-0238094271
12208,MC.159820@1075690341
12214,MC.160813@1075690327
12219,MC.158075@1075690325
12220,1131399-1-0238041151
12233,MC.160897@1075690343
12238,MC.AMD106500@0124011154
12241,MC.AMD101374@0124014890
12271,MC.AMD123865@0124014894
12279,MC.AMD104174@0124014865
12289,MC.158659@0123948282
12295,MC.154550@1075690334
12316,7733993-1-0238041122
12320,MC.161209@1075690352
12323,
12328,
12340,MC.AMD115538@0124014899
12356,
12361,MC.AMD101006@0123889351
12364,MC.160930@1075690368
12366,7294788-1-0238094283
12379,MC.AMD107100@0124014877
12380,MC.AMD100375@0124011127
12387,MC.154639@1075690381
12396,MC.160425@1075690376
12405,9953709-1-0238041190
12408,MC.155713@1075691137
12412,1184861-1-0238041268
12419,9801550-1-0238041261
12420,MC.AMD101315@0124014866
12434,MC.158586@1075690388
12444,2454319-1-0238041281
12446,MC.159555@1075690395
12457,MC.159527@1075714884
12458,MC.159478@1075688831
12472,MC.AMD114034@0124014869
12479,MC.158432@1075690393
12486,MC.158689@1075714935
12509,MC.159176@1075690402
12512,MC.162996@1082087089
12519,6482093-1-0238041644
12521,5721518-1-0238041473
12525,MC.157398@1075690407
12541,3121682-1-0238041217
12546,
12550,MC.158055@1075690412
12552,MC.157673@1075714899
12558,
12567,MC.AMD100221@0124011082
12576,MC.161389@1075690439
12578,MC.AMD105311@0124011109
12580,MC.AMD117401@0124014859
12585,1503026-1-0238041282
12588,MC.AMD102971@0124011108
12596,MC.159268@1075690434
12597,
12601,MC.AMD101892@0124014840
12604,MC.157640@1075690431
12605,5157984-1-0238041592
12606,MC.157572@1075690436
12608,
12613,
12620,MC.154540@1075678870
12643,MC.159450@1075690476
12646,MC.159388@1075690432
12652,MC.160541@1075690428
12655,5046026-1-0238041283
12664,
12667,MC.AMD108434@0124011099
12673,MC.AMD104356@0124014853
12687,MC.158434@1075690449
12696,MC.159741@1075690463
12700,MC.161320@1075690462
12702,MC.161082@1075690461
12718,3415397-1-0238041645
12750,MC.157719@1075691069
12769,8117782-1-0238041614
12810,MC.AMD101077@0124014833
12831,
12833,MC.160109@1075690486
12842,MC.160422@0123948182
12853,MC.AMD106886@0123861881
12858,7221861-1-0238041640
12868,MC.160965@1075691064
12876,MC.160504@1075691070
12891,
12893,5450437-1-0238041656
12902,MC.157941@1075691081
12910,MC.160600@1075691082
12927,1282731-1-0238041666
12941,MC.AMD108800@0123908343
12952,MC.160763@1075691079
12956,MC.AMD104878@0124013680
12968,MC.AMD136074@0123908347
12973,MC.AMD103719@0123908340
12977,9177668-1-0238041461
12980,7572494-1-0238094521
12989,3573198-1-0238041421
12994,MC.AMD110449@0123861184
12997,MC.AMD113651@0123908330
13001,
13002,MC.AMD101140@0123908331
13006,MC.163007@1082086947
13010,MC.AMD102588@0124010087
13020,MC.AMD101102@0123861182
13026,MC.AMD103022@0124010097
13039,5938196-1-0238039142
13055,5858360-1-0238041462
13059,MC.160700@1075678985
13082,MC.155405@1075679167
13087,MC.AMD100488@0123908327
13123,MC.159942@1075691135
13125,2234607-1-0238041400
13127,MC.AMD101479@0123908970
13150,MC.157702@1075691158
13167,MC.157136@1075678995
13180,2156217-1-0238041443
13186,MC.156825@1075678994
13192,
13193,MC.AMD102349@0123908306
13196,MC.160842@1075690494
13198,2111334-1-0238041434
13209,MC.AMD101201@0123907247
13223,3714117-1-0238041673
13240,4126452-1-0238040047
13245,MC.157993@1075690491
13250,
13263,MC.160846@1075690498
13266,MC.AMD136830@0123889532
13268,
13273,MC.AMD115168@0123908299
13276,MC.AMD104547@0123908302
13285,MC.AMD102508@0123908300
13286,MC.AMD107357@0123908969
13289,1131813-1-0238040919
13299,MC.161160@1075690511
13302,MC.159193@1075690772
13303,MC.AMD115451@0124010080
13306,MC.AMD108259@0123908294
13308,MC.AMD108815@0123908296
13316,3441682-1-0238041717
13320,MC.158366@1075690500
13337,MC.158277@1075690513
13347,5647339-1-0238041701
13361,MC.157931@1075690505
13364,MC.157610@1075679170
13366,MC.157370@1075690506
13381,MC.160000@1075679013
13394,
13399,MC.AMD117287@0124010068
13407,7590090-1-0238096734
13442,8768164-1-0238041712
13458,1862450-1-0238041688
13460,MC.AMD109567@0123908288
13473,1290209-1-0238041782
13484,MC.159633@1075690524
13495,MC.AMD118226@0124010056
13498,MC.157233@1075690536
13521,MC.161051@1075690544
13522,
13531,MC.AMD110857@0123908271
13545,MC.AMD100817@0123908966
13546,
13558,MC.AMD116603@0123908257
13568,
13575,MC.160437@1075690555
13582,MC.159629@1075690720
13584,MC.AMD118905@0123908261
13587,MC.161175@1075690211
13589,MC.AMD103310@0124010042
13591,MC.157675@1075690560
13592,MC.AMD101450@0123908262
13594,MC.157821@1075641922
13606,MC.163190@1082086957
13615,MC.159019@1075678866
13629,MC.158094@1075641923
13634,MC.AMD102716@0123909322
13637,MC.159377@1075690689
13640,MC.AMD101955@0124010045
13650,4593145-1-0238041765
13654,2496212-1-0238038775
13682,
13688,MC.AMD107653@0123909396
13692,3513272-1-0238041831
13706,MC.AMD109617@0124010047
13708,MC.AMD100776@0123889530
13722,3272797-1-0238041316
13744,MC.AMD107261@0123909386
13745,5789082-1-0238041824
13768,MC.157720@1075690225
13770,MC.AMD129190@0123861170
13798,MC.AMD100430@0123909373
13799,MC.158610@1075679010
13801,MC.159280@1075678719
13802,MC.159277@1075690213
13806,4233949-1-0238061634
13812,MC.AMD102098@0123861171
13820,MC.AMD120713@0124010036
13821,MC.AMD104079@0123909389
13834,MC.AMD101094@0124013435
13835,
13842,MC.160574@1075690235
13845,1447032-1-0238041341
13847,MC.159071@1075690246
13855,2148139-1-0238041326
13891,MC.160262@1075690265
13906,MC.159340@1075690256
13920,3546969-1-0238041374
13937,8480558-1-0238041295
13961,MC.AMD117964@0124010023
13962,1705668-1-0238041314
13968,6236186-1-0238041322
13978,MC.AMD116303@0124010022
13990,MC.AMD123888@0123909379
14004,MC.158230@1075690294
14020,6519902-1-0238041004
14022,4109332-1-0238041036
14023,MC.AMD105071@0123909376
14028,MC.157405@1075690278
14034,MC.160275@1075690292
14043,6690394-1-0238041068
14054,3519768-1-0238041001
14057,MC.157442@1075690290
14062,MC.160115@1075690652
14066,MC.AMD106486@0124011259
14077,4180954-1-0238041000
14082,2150696-1-0238040906
14083,MC.157542@1075690876
14099,MC.AMD110777@0123909357
14115,8249906-1-0238041080
14119,MC.160121@1075690877
14123,MC.AMD100336@0123889310
14126,7926285-1-0238041063
14141,MC.AMD120981@0123909354
14144,8505692-1-0238040077
14147,MC.160808@1075690903
14163,8172954-1-0238041897
14166,6694427-1-0238041049
14175,MC.158246@1075690888
14182,MC.AMD100253@0123909348
14192,MC.163022@1082086963
14218,MC.160387@1075690900
14235,MC.159657@1075714950
14239,MC.AMD117861@0123861428
14246,MC.157780@1075690905
14252,MC.160053@1076254504
14256,
14257,MC.161128@1075690918
14267,
14272,MC.159917@1075690922
14293,MC.AMD118270@0124011250
14296,MC.AMD104910@0123907282
14303,MC.AMD111554@0124011246
14316,MC.161303@1075690916
14322,
14330,MC.159420@1075690941
14333,MC.161045@1075690931
14336,MC.160535@1075690930
14343,3809512-1-0238040922
14346,3932212-1-0238040406
14347,MC.162959@1082086976
14361,
14362,MC.AMD122362@0123909333
14364,MC.157437@1075690648
14367,6469338-1-0238040936
14368,
14370,4628934-1-0238040367
14375,MC.157870@1075690945
14381,MC.159877@1075690717
14386,MC.160712@1075714951
14398,MC.158789@1075690587
14406,5318282-1-0238040189
14415,1409287-1-0238040368
14431,MC.AMD104377@0123908952
14463,
14481,MC.157765@1075641925
14494,MC.AMD124441@0124011216
14496,MC.157620@1075690669
14497,MC.AMD111675@0124011228
14503,MC.AMD106051@0123909321
14504,MC.160860@1075690590
14510,MC.157142@1075690593
14523,
14535,1172821-1-0238096750
14549,
14556,1967497-1-0238041923
14563,MC.159068@1075690647
14576,MC.159812@1075690603
14578,MC.159831@1075690602
14579,MC.161147@1075690604
14591,
14601,MC.AMD103791@0124011227
14603,MC.AMD136125@0124011213
14615,MC.AMD136095@0123889515
14655,MC.161006@1075690613
14677,MC.160229@1075678622
14689,5968318-1-0238042584
14692,MC.AMD102412@0124011205
14698,MC.AMD102777@0123909297
14701,MC.157473@1075690615
14703,9476963-1-0238041927
14725,5429459-1-0238041862
14734,5758535-1-0238041895
14759,MC.AMD105874@0124013671
14770,MC.158421@1075690634
14800,MC.157431@1076254480
14806,
14817,2778279-1-0238061870
14820,MC.AMD105509@0124011197
14845,3368775-1-0238062289
14851,9881889-1-0238061895
14854,MC.AMD134293@0123909279
14871,5611240-1-0238040954
14876,
14887,4489215-1-0238061890
14895,MC.AMD115927@0124011202
14910,
14930,MC.AMD103635@0123907419
14936,MC.AMD102820@0124011189
14937,3559575-1-0238061891
14946,MC.AMD111579@0123909268
14950,
14954,
14984,MC.160030@1075690111
14992,MC.159342@1075690112
14993,MC.161275@1075690124
14995,MC.AMD112715@0123909271
14997,MC.160624@1075690123
15011,7640500-1-0238038305
15015,MC.AMD121606@0124011173
15024,MC.157969@1075690129
15044,MC.157853@1075641553
15056,
15058,MC.AMD118125@0123909256
15067,MC.AMD103113@0123909257
15093,
15128,3389617-1-0238062232
15140,MC.160328@1075641934
15142,MC.AMD110187@0123909240
15169,MC.AMD104521@0123909247
15170,MC.AMD115712@0123909248
15176,MC.AMD123149@0123911326
15177,MC.AMD115184@0123909249
15178,MC.AMD107837@0124010205
15196,9710902-1-0238062257
15223,
15229,MC.159964@1075690160
15235,MC.159410@1075690173
15241,MC.AMD109813@0123909238
15243,MC.160839@1075641549
15274,9297916-1-0238039634
15275,7214924-1-0224009331
15289,MC.AMD107000@0123909230
15308,MC.AMD117951@0124010186
15317,MC.158365@1075690183
15318,MC.AMD114776@0124010185
15323,MC.AMD121393@0123889266
15325,8299063-1-0224009312
15327,MC.159507@1075678697
15331,MC.AMD108267@0123909222
15349,MC.AMD100747@0123909225
15367,MC.159502@1075688830
15374,MC.157480@1075690777
15395,5621273-1-0224009295
15397,MC.AMD100571@0123907257
15409,MC.AMD137033@0123889764
15426,MC.159582@1075690785
15428,MC.AMD107102@0123908905
15446,
15456,MC.AMD123259@0123908909
15472,MC.AMD125441@0124010174
15488,MC.157472@1075690823
15495,4748550-1-0238042598
15499,MC.158779@0123948179
15512,MC.AMD116219@0123908911
15536,1907769-1-0238094625
15548,MC.AMD134600@0123908913
15551,MC.AMD116427@0123907260
15563,
15564,MC.AMD118423@0123908915
15571,MC.158107@1075690820
15578,MC.160556@1075690830
15579,MC.160538@1075690813
15584,9947369-1-0224009516
15585,MC.AMD113111@0124010163
15599,MC.AMD108250@0123908898
15617,MC.159579@1075690829
15627,MC.160074@1075690847
15628,MC.AMD101356@0123889451
15642,MC.AMD122694@0124010171
15649,MC.AMD100566@0123908894
15660,
15679,MC.157832@1075690843
15690,MC.AMD115420@0124010152
15694,1987288-1-0224009494
15698,MC.AMD117219@0124010151
15722,MC.159125@1075690851
15724,MC.158378@1075690850
15726,
15728,MC.162931@1082086986
15729,MC.AMD119906@0123908882
15747,MC.AMD114277@0124013438
15752,MC.AMD132797@0124010138
15753,MC.154530@1075690858
15765,7285245-1-0224009468
15769,7933862-1-0224009471
15775,MC.AMD109794@0124010142
15782,MC.AMD111564@0123908890
15790,MC.AMD118503@0123908957
15799,3835909-1-0238038282
15803,6304481-1-0224009458
15809,MC.AMD124087@0124010147
15825,MC.AMD120094@0123908858
15838,2526938-1-0224009444
15845,MC.AMD106753@0124010134
15864,MC.157343@1075691356
15872,MC.161235@1075691358
15877,MC.AMD125476@0123908856
15880,6961982-1-0224008282
15883,MC.AMD103988@0124008474
15889,MC.AMD109073@0124010129
15895,MC.AMD100477@0124013419
15905,3729898-1-0224008279
15913,
15921,MC.160440@0123948168
15928,6736333-1-0224008249
15945,MC.AMD105476@0123890878
15948,6822533-1-0224008274
15957,MC.160904@1075691380
15963,MC.159987@1075641933
15967,
15974,
15976,
15979,MC.AMD104765@0124010113
15981,MC.160257@1075691378
15983,
15987,MC.161273@1075678877
15991,7354334-1-0238040222
15993,MC.AMD105955@0124013412
15996,MC.AMD136474@0123908832
15999,MC.158394@1075691382
16003,3174867-1-0224008202
16004,MC.157924@1075691396
16011,2487121-1-0224008230
16012,
16014,1152235-1-0224008201
16017,2335404-1-0224008232
16023,MC.AMD108783@0123908838
16024,MC.AMD119117@0124010115
16028,MC.160087@1075691420
16030,MC.156020@1075691421
16031,MC.AMD105396@0123908834
16041,MC.157257@1075641999
16058,MC.AMD110177@0123890877
16065,
16066,6841248-1-0224008224
16068,5046911-1-0224008817
16071,3213296-1-0224008226
16075,7422661-1-0238038227
16077,MC.AMD119065@0123890872
16082,MC.159518@1075641562
16087,MC.160884@1075691424
16089,MC.AMD109942@0123908842
16097,MC.157938@0123948279
16100,
16113,MC.AMD107327@0124010124
16120,MC.160111@1075691391
16131,
16133,MC.AMD116335@0124010125
16134,3525464-1-0224008197
16135,MC.AMD101859@0123861164
16142,6564229-1-0224008198
16158,MC.AMD114406@0123908837
16180,MC.AMD104567@0123908844
16186,MC.159364@1075680266
16207,MC.AMD119458@0123908835
16228,MC.158383@1075691427
16244,MC.AMD101760@0123908440
16247,4347427-1-0224008845
16258,MC.158279@1075691442
16265,MC.159941@1075714911
16277,MC.AMD107183@0123908445
16308,MC.160762@1075680272
16316,2716571-1-0224008825
16342,MC.158463@1075680320
16343,MC.163001@1082087004
16383,
16388,MC.AMD105007@0123908428
16396,5086101-1-0238038122
16400,MC.157782@1075678881
16419,8966875-1-0224008767
16442,MC.161030@1075680289
16458,
16468,MC.AMD104147@0123890848
16469,
16472,MC.156161@1075680296
16474,
16491,MC.160699@1075680298
16501,MC.158204@0123948025
16505,MC.AMD120315@0124015194
16511,6037064-1-0238060590
16520,
16529,
16533,MC.157335@1076253561
16535,MC.AMD121151@0124013748
16562,MC.159421@1075714920
16597,MC.163186@1082087011
16617,
16622,MC.159294@1075680306
16625,MC.157848@1075680317
16626,MC.157444@1075680313
16653,3290102-1-0238060589
16662,MC.AMD121093@0123908962
16670,5171618-1-0238060652
16677,3001766-1-0238060621
16688,MC.AMD116365@0123890835
16701,
16707,MC.158621@1075680326
16708,
16754,MC.158673@0123948113
16761,6945871-1-0238038278
16786,MC.158562@1075680357
16789,
16791,9066677-1-0224009403
16795,4669188-1-0224009410
16810,MC.158491@1075641578
16816,MC.AMD125676@0123890808
16825,1005599-1-0224009395
16841,
16864,8895022-1-0238094626
16872,9888705-1-0238038601
16880,
16901,MC.158962@0123948111
16902,8069669-1-0224009366
16903,MC.158339@0123948167
16904,MC.158631@1075680359
16909,MC.159798@1075680360
16932,MC.158763@1075680364
16935,MC.158031@1075641930
16943,MC.AMD112997@0123908290
16949,9076965-1-0238060751
16960,9232012-1-0238060734
16966,MC.160330@1075680381
17015,7995536-1-0238060690
17019,MC.AMD100765@0123890353
17024,8042502-1-0238060752
17030,8590288-1-0238060728
17031,5260717-1-0238040995
17032,4180656-1-0238060744
17041,MC.160309@1075680410
17045,3295792-1-0238060746
17058,4625308-1-0238060730
17060,4837167-1-0238060683
17064,6092588-1-0238060731
17070,5401046-1-0238060723
17074,MC.AMD115995@0123908363
17075,
17080,6116768-1-0238060725
17086,MC.AMD120039@0123890814
17098,MC.163173@1082087027
17099,MC.161170@1075641929
17100,MC.163169@1082087017
17108,MC.161322@1075641577
17111,MC.160867@1076254475
17119,MC.158311@1075680389
17124,MC.157347@1075680390
17141,9377744-1-0238061683
17142,8943469-1-0238061638
17164,4919658-1-0238061631
17209,MC.158822@1075680395
17225,
17233,
17236,
17238,MC.159763@1075680393
17239,MC.159739@1075680443
17254,5284926-1-0238041913
17259,2996196-1-0238038299
17261,MC.AMD137042@0124010993
17268,3687789-1-0238061684
17269,MC.AMD134774@0123890806
17274,5912327-1-0238061692
17276,2365667-1-0238061700
17280,MC.AMD115089@0123908963
17283,
17297,6703273-1-0238061725
17300,2350104-1-0238061558
17313,4629863-1-0238061582
17349,MC.158602@1075680417
17364,MC.158045@1075680419
17378,MC.159992@0123948165
17379,3450651-1-0238038044
17390,MC.159676@1076254274
17395,MC.AMD135376@0123908397
17403,8456933-1-0238061561
17410,9985694-1-0238039959
17434,MC.157724@0123948096
17440,MC.154685@1075679173
17446,8115456-1-0238038302
17450,MC.160242@1075680439
17477,MC.157396@1075680438
17480,MC.159316@1075678883
17514,9289997-1-0238061454
17527,2616042-1-0238061510
17529,4202208-1-0238061518
17530,3732173-1-0238061529
17552,4111690-1-0238061496
17557,7564302-1-0238041503
17569,3004712-1-0238038696
17580,6677181-1-0238061473
17586,9970160-1-0238038509
17590,MC.AMD123998@0124013404
17602,4409435-1-0238038582
17608,8992095-1-0238061491
17626,1033670-1-0238061441
17630,MC.159566@1075680839
17631,MC.160081@1075680841
17647,4517508-1-0238061444
17656,3358239-1-0238094627
17677,1510641-1-0238061469
17683,6708266-1-0238061493
17701,7061283-1-0238061950
17704,MC.AMD107291@0123908388
17708,MC.AMD134642@0124013415
17744,MC.AMD111613@0123890786
17758,MC.158487@1075680855
17786,1765273-1-0238061994
17790,1584750-1-0238062005
17793,MC.158661@1075678884
17801,7371027-1-0238061931
17855,MC.AMD137209@0123890789
17856,
17860,MC.AMD136975@0123890791
17867,MC.157516@0123948161
17872,MC.AMD109269@0123908379
17914,MC.161375@1075680850
17915,2870921-1-0238061430
17927,MC.AMD137044@0123908382
17940,1410778-1-0238062098
17948,MC.AMD113970@0123890682
17955,3051697-1-0238094556
17957,MC.159925@1075680872
17963,6852909-1-0238061426
17964,2740339-1-0238061355
17970,6458990-1-0238061433
17973,5593605-1-0238061425
17989,MC.160345@1075680866
17993,8474113-1-0238061348
18019,
18029,8136909-1-0238062038
18040,4730146-1-0238094564
18045,1408728-1-0238062079
18047,1313549-1-0238096791
18051,MC.159261@1075676788
18075,MC.161107@1075676778
18089,
18095,7298256-1-0238062085
18119,MC.AMD121418@0123908384
18123,MC.AMD129585@0123889923
18130,5412835-1-0238062099
18142,4815728-1-0238061264
18149,8903705-1-0238062060
18167,MC.160625@1075680892
18175,MC.159785@1075680891
18184,MC.157190@1075680893
18218,
18221,
18222,3097463-1-0238096807
18243,3071009-1-0238095066
18245,3618914-1-0238061266
18252,6631818-1-0238061290
18256,MC.163150@1082087046
18262,3404861-1-0238038093
18273,2093379-1-0238061259
18276,4816811-1-0238061267
18318,MC.AMD105546@0123889324
18326,7807841-1-0238061340
18338,8077174-1-0238062110
18346,4945449-1-0238061317
18356,MC.159694@1075680907
18360,1037864-1-0238062137
18363,7805956-1-0238062200
18364,MC.160885@1075680913
18366,1919507-1-0238062121
18393,6537693-1-0238062147
18395,4185585-1-0238094612
18403,1748173-1-0238062155
18404,3848371-1-0238062140
18410,1342779-1-0238062164
18430,MC.AMD102415@0123908369
18433,MC.AMD137252@0123889759
18444,MC.161095@1075680918
18451,2689601-1-0238062149
18466,7505911-1-0238095167
18468,3795617-1-0238041510
18477,8104576-1-0238040525
18479,2965783-1-0238040565
18491,5441940-1-0238040566
18499,MC.159935@1075680928
18502,MC.AMD100294@0123908366
18505,6783416-1-0238095191
18509,8366304-1-0238040551
18535,7157962-1-0238095207
18559,MC.158123@1075680921
18584,MC.AMD103214@0123890657
18625,
18639,3982190-1-0238095211
18649,7583309-1-0238095148
18669,7705242-1-0238095204
18685,4858063-1-0238095157
18686,7121233-1-0238095165
18702,MC.AMD100531@0123860932
18704,MC.AMD118341@0123890660
18715,
18721,MC.AMD136997@0123889818
18749,3091039-1-0238095693
18770,
18773,8272999-1-0238095619
18775,MC.159548@1076254610
18788,MC.163061@1082086299
18804,MC.157500@1076254618
18805,MC.AMD125285@0123889264
18809,
18815,MC.AMD111139@0123890654
18823,8682268-1-0238095678
18830,7683717-1-0238095660
18831,
18832,8941841-1-0238038109
18854,MC.159467@1076254621
18882,MC.158550@1076253483
18894,MC.158986@1076253473
18904,MC.159702@1076253474
18915,MC.AMD119220@0123889807
18932,MC.161397@1076253476
18958,MC.160214@1076253478
18973,MC.AMD105442@0123890642
18999,MC.160178@1076253493
19023,8117292-1-0238038904
19034,2986035-1-0238038968
19061,MC.157194@1076253484
19065,MC.AMD113203@0123907415
19073,3351829-1-0238038162
19083,MC.158442@1076253485
19086,MC.AMD136981@0123861426
19087,8591916-1-0238038954
19098,4395328-1-0238095062
19099,6211699-1-0238038891
19104,MC.160819@1076253497
19140,4224887-1-0238038094
19154,MC.159395@1076253503
19156,MC.159980@1076253502
19166,4347949-1-0238095946
19168,MC.158504@1076253529
19171,MC.AMD102682@0123889797
19175,3648866-1-0238039571
19185,2968534-1-0238095961
19187,9264491-1-0238095978
19209,MC.AMD137325@0123890634
19214,2992735-1-0238095979
19224,8268674-1-0238038482
19233,1893885-1-0238095948
19241,MC.AMD132140@0123889795
19267,6905517-1-0238095898
19269,MC.159927@1076253517
19278,1879318-1-0238095899
19289,7963527-1-0238095918
19305,8038032-1-0238095975
19316,9877903-1-0238095312
19321,7809343-1-0238095272
19330,7957053-1-0238095257
19333,MC.158592@1076253520
19334,8619027-1-0238041529
19346,7974710-1-0238095313
19363,1950051-1-0238095290
19369,MC.AMD119441@0123889968
19373,MC.AMD109337@0123890617
19391,MC.AMD101107@0123889504
19399,7065331-1-0238095238
19405,8385949-1-0238095246
19413,1907293-1-0238095262
19435,6185675-1-0238095279
19439,MC.157303@1076253531
19446,6640370-1-0238095311
19461,3590447-1-0238095713
19528,MC.158214@1076253536
19585,4157103-1-0238095789
19591,7797274-1-0238095734
19592,MC.160848@1076253544
19600,2400810-1-0238095783
19604,7108542-1-0238095782
19606,9879002-1-0238095707
19623,8139180-1-0238038751
19648,2409836-1-0238095425
19649,MC.160959@1076253554
19670,8085548-1-0238095331
19685,9283262-1-0238095466
19705,
19718,4158805-1-0238095507
19728,7833351-1-0238039997
19752,MC.AMD101024@0123908948
19758,9799114-1-0238095469
19764,MC.161379@1076254452
19765,MC.157259@1076254451
19777,MC.159321@0123948187
19778,8455359-1-0238095462
19788,2004292-1-0238095486
19793,MC.160723@1076254446
19798,6972351-1-0238095439
19827,1587720-1-0238038172
19828,MC.AMD116445@0123890293
19835,MC.159045@1076254461
19858,7256085-1-0238039942
19860,MC.160127@1076254466
19862,MC.157836@1076254467
19872,MC.160667@1076254476
19874,MC.159778@1076254478
19894,MC.158611@1076254507
19896,9599518-1-0238038970
19898,MC.158359@1076254509
19903,7432443-1-0238095939
19904,MC.160756@1076254512
19914,MC.158335@1076254526
19915,MC.160372@1076252281
19923,2856608-1-0238038163
19924,3317258-1-0238038558
19939,MC.160273@1076254523
19943,3323731-1-0238038458
19945,9047064-1-0238038566
19947,MC.158836@0123948158
19968,MC.160408@1076254242
19969,9151400-1-0238038633
19970,MC.AMD116720@0123907411
20001,1849146-1-0238038671
20008,7680396-1-0238038256
20009,4709073-1-0238038663
20012,3263821-1-0238038648
20029,MC.160524@1076254248
20048,MC.157390@1076254263
20052,6038027-1-0238038054
20054,9033539-1-0238038585
20070,
20072,3814574-1-0238038033
20077,MC.AMD117169@0123889746
20094,8686910-1-0238038478
20095,MC.160914@1076254258
20115,1211925-1-0238038465
20125,MC.161246@1076254267
20142,6473370-1-0238038472
20148,4424348-1-0238038471
20153,MC.159680@1076254272
20156,5620114-1-0238038495
20161,MC.158484@1076254243
20166,MC.AMD137532@0123889742
20174,MC.162954@1082086350
20175,MC.AMD108451@0124013407
20186,MC.159020@0123948157
20191,MC.158063@1076254245
20193,MC.157763@1075641599
20200,MC.160304@1076254246
20212,MC.159921@1076254247
20213,8659720-1-0238038586
20241,2435023-1-0238038421
20250,5776123-1-0238038480
20254,
20257,1175238-1-0238038096
20263,MC.AMD111818@0124013391
20272,6388388-1-0238038820
20274,4829624-1-0238038405
20280,MC.AMD137537@0124013411
20287,5176669-1-0238038048
20289,MC.158140@0123948145
20300,MC.AMD137514@0124015188
20306,1745691-1-0238038022
20320,MC.161260@0123948270
20341,MC.AMD137516@0124015177
20354,MC.161040@0123948273
20365,MC.161239@0123948263
20369,6680340-1-0238094168
20382,9474536-1-0238094186
20389,MC.160375@0123948254
20391,MC.157994@0123948255
20403,8798512-1-0238094227
20423,9143962-1-0238094205
